[
  {
    "src": "https://encrypted-tbn0.gstatic.com/images?q=tbn:ANd9GcRGb8PmEaRgeXshs4ycQC8wyYl8h6RffDbg-A&usqp=CAU",
    "name": "Usha",
    "age": "23",
    "gender": "Female",
    "relation": "Sister"
  },
  {
    "src": "https://encrypted-tbn0.gstatic.com/images?q=tbn:ANd9GcRny6M7SVLugIiTJGIYPcr744JSqVf5oPe1Vg&usqp=CAU",
    "name": "Nagesh",
    "age": "21",
    "gender": "male",
    "relation": "Cousin"
  },
  {
    "src": "https://images.unsplash.com/photo-1529665253569-6d01c0eaf7b6?q=80&w=1000&auto=format&fit=crop&ixlib=rb-4.0.3&ixid=M3wxMjA3fDB8MHxzZWFyY2h8NHx8cHJvZmlsZXxlbnwwfHwwfHx8MA%3D%3D",
    "name": "Dad",
    "age": "50",
    "gender": "Male",
    "relation": "Father"
  },
  {
    "src": "https://encrypted-tbn0.gstatic.com/images?q=tbn:ANd9GcTvJaoIeJQU_V9rL_ZII61whWyqSFbmMgTgwQ&usqp=CAU",
    "name": "Mom",
    "age": "45",
    "gender": "Female",
    "relation": "Mother"
  },
  {
    "src": "https://media.istockphoto.com/id/466807030/photo/closeup-profile-of-business-woman-looking-forward.jpg?s=612x612&w=0&k=20&c=ob9EqIH1ZCZphVO78NdNoypd12S7UT_cwwBJotKwlxg=",
    "name": "Name2",
    "age": "14",
    "gender": "Female",
    "relation": "Sister"
  }
]
